{
  "results": [
    {
      "command": "7.0.0",
      "mean": 0.4154956281400001,
      "stddev": 0.011013290433118671,
      "median": 0.41190115624,
      "user": 0.44893192,
      "system": 0.09342038,
      "min": 0.40464300874000003,
      "max": 0.43797382374000005,
      "times": [
        0.40978573974000004,
        0.40464300874000003,
        0.40807605474,
        0.40940521774,
        0.41477535674000005,
        0.43797382374000005,
        0.43316968274,
        0.41234599574,
        0.41145631674,
        0.41332508474
      ],
      "exit_codes": [
        1,
        1,
        1,
        1,
        1,
        1,
        1,
        1,
        1,
        1
      ]
    },
    {
      "command": "8.0.0",
      "mean": 0.40601362143999997,
      "stddev": 0.00764332021048854,
      "median": 0.40529762124,
      "user": 0.4208511199999999,
      "system": 0.09156918,
      "min": 0.39560424374000003,
      "max": 0.41731426874,
      "times": [
        0.40541309474000004,
        0.40095756574,
        0.39561759374,
        0.41215011674,
        0.39560424374000003,
        0.41555968074,
        0.41731426874,
        0.40978802574,
        0.40254947674,
        0.40518214774
      ],
      "exit_codes": [
        1,
        1,
        1,
        1,
        1,
        1,
        1,
        1,
        1,
        1
      ]
    },
    {
      "command": "9.0.0",
      "mean": 0.4951919242400001,
      "stddev": 0.008955066408176109,
      "median": 0.49285407824000005,
      "user": 0.54956462,
      "system": 0.10527157999999999,
      "min": 0.48467047174,
      "max": 0.51274054574,
      "times": [
        0.51274054574,
        0.5075504857400001,
        0.49445645974,
        0.49813284374000005,
        0.48844072674,
        0.4912516967400001,
        0.49634619874,
        0.48742226474,
        0.48467047174,
        0.49090754874000003
      ],
      "exit_codes": [
        1,
        1,
        1,
        1,
        1,
        1,
        1,
        1,
        1,
        1
      ]
    },
    {
      "command": "10.0.0",
      "mean": 0.4467453793400001,
      "stddev": 0.008523527247402808,
      "median": 0.44570023574,
      "user": 0.4579623199999999,
      "system": 0.09323548,
      "min": 0.43767734874,
      "max": 0.46405945674000004,
      "times": [
        0.45334389674000003,
        0.46405945674000004,
        0.45337333374,
        0.43767734874,
        0.43848414974,
        0.43947267974000004,
        0.44635684974,
        0.43968380374000005,
        0.44504362174,
        0.44995865274
      ],
      "exit_codes": [
        1,
        1,
        1,
        1,
        1,
        1,
        1,
        1,
        1,
        1
      ]
    },
    {
      "command": "11.2.1",
      "mean": 1.04889369084,
      "stddev": 0.09168554438118566,
      "median": 1.0046215312399998,
      "user": 1.19806042,
      "system": 0.15388018,
      "min": 0.9873924257400001,
      "max": 1.27289718274,
      "times": [
        0.9873924257400001,
        0.99760675874,
        0.9907816177400001,
        0.99964168574,
        1.11944805774,
        1.27289718274,
        1.10214281674,
        1.0046265587399998,
        1.0046165037399999,
        1.00978330074
      ],
      "exit_codes": [
        1,
        1,
        1,
        1,
        1,
        1,
        1,
        1,
        1,
        1
      ]
    },
    {
      "command": "12.0.0",
      "mean": 2.10422747944,
      "stddev": 0.013201050625507398,
      "median": 2.10714159724,
      "user": 2.2968865199999997,
      "system": 0.16557848000000003,
      "min": 2.07671613374,
      "max": 2.11789346274,
      "times": [
        2.1074870647400004,
        2.08656102174,
        2.11142315774,
        2.07671613374,
        2.10308137174,
        2.1177374707400003,
        2.11789346274,
        2.1027570097400003,
        2.11182197174,
        2.10679612974
      ],
      "exit_codes": [
        1,
        1,
        1,
        1,
        1,
        1,
        1,
        1,
        1,
        1
      ]
    },
    {
      "command": "12.0.1",
      "mean": 2.10603247844,
      "stddev": 0.017908061156150408,
      "median": 2.1069273402400004,
      "user": 2.29845892,
      "system": 0.16763098,
      "min": 2.08164745274,
      "max": 2.13622862774,
      "times": [
        2.1021526297400004,
        2.13622862774,
        2.0893226617400003,
        2.12667242874,
        2.10634651874,
        2.08164745274,
        2.11623616074,
        2.10750816174,
        2.11113688574,
        2.08307325674
      ],
      "exit_codes": [
        1,
        1,
        1,
        1,
        1,
        1,
        1,
        1,
        1,
        1
      ]
    },
    {
      "command": "12.1.0",
      "mean": 2.0059317648399997,
      "stddev": 0.013641421023305915,
      "median": 2.0070814072400003,
      "user": 2.20127952,
      "system": 0.16952437999999997,
      "min": 1.98586098274,
      "max": 2.0257970377400003,
      "times": [
        1.9961878587400002,
        2.0139887667400003,
        1.9955300647399998,
        2.0257970377400003,
        2.0001740477400003,
        1.99131415274,
        2.0148784007400002,
        1.98586098274,
        2.01850788174,
        2.01707845474
      ],
      "exit_codes": [
        1,
        1,
        1,
        1,
        1,
        1,
        1,
        1,
        1,
        1
      ]
    },
    {
      "command": "12.2.0",
      "mean": 2.7075848028400005,
      "stddev": 0.7622294977803515,
      "median": 2.38581509624,
      "user": 2.68923862,
      "system": 0.18978557999999998,
      "min": 2.3556956767400004,
      "max": 4.7536759347399995,
      "times": [
        2.39020527474,
        2.3618318527400004,
        2.35982446674,
        2.4134365247400003,
        2.37321476374,
        2.38142491774,
        2.3556956767400004,
        3.1867004487400004,
        4.7536759347399995,
        2.49983816774
      ],
      "exit_codes": [
        1,
        1,
        1,
        1,
        1,
        1,
        1,
        1,
        1,
        1
      ]
    },
    {
      "command": "12.3.0",
      "mean": 2.37678310194,
      "stddev": 0.018592368436969403,
      "median": 2.37905620224,
      "user": 2.61326262,
      "system": 0.17540258,
      "min": 2.34108218874,
      "max": 2.4094742837400003,
      "times": [
        2.34108218874,
        2.38325211574,
        2.36287818474,
        2.3834630857400003,
        2.3727204947400002,
        2.38364791474,
        2.3748602887400003,
        2.36379524074,
        2.39265722174,
        2.4094742837400003
      ],
      "exit_codes": [
        1,
        1,
        1,
        1,
        1,
        1,
        1,
        1,
        1,
        1
      ]
    },
    {
      "command": "12.3.1",
      "mean": 2.3935733458400006,
      "stddev": 0.09304730966418279,
      "median": 2.3556581752400003,
      "user": 2.66398842,
      "system": 0.18643668,
      "min": 2.32723414674,
      "max": 2.62692632674,
      "times": [
        2.32723414674,
        2.3575819297400002,
        2.3403275587400003,
        2.3408639477400004,
        2.35373442074,
        2.33486589974,
        2.37476136274,
        2.62692632674,
        2.4042893427400003,
        2.47514852274
      ],
      "exit_codes": [
        1,
        1,
        1,
        1,
        1,
        1,
        1,
        1,
        1,
        1
      ]
    },
    {
      "command": "12.3.2",
      "mean": 2.3401111218400006,
      "stddev": 0.01377530536341062,
      "median": 2.3444684457400005,
      "user": 2.64205112,
      "system": 0.18338278,
      "min": 2.31571000274,
      "max": 2.3552528187400004,
      "times": [
        2.34274664674,
        2.3461902447400003,
        2.31571000274,
        2.35035737874,
        2.34707353374,
        2.35172892474,
        2.3552528187400004,
        2.3413523777400003,
        2.33288179674,
        2.3178174937400002
      ],